app,llm_name,iteration,num_samples,total_samples,PARSE_FAIL,BUILD_FAIL,RUNTIME_FAIL,MISSING,VALIDATION_FAIL,PASS,build@1,build@3,build@5,build@10,run@1,run@3,run@5,run@10,pass@1,pass@3,pass@5,pass@10
AsyncSTM,gpt-5.3-codex,1,19,19,0,13,0,0,6,0,0.3157894736842106,0.7048503611971104,0.8893188854489165,0.9969040247678018,0.3157894736842106,0.7048503611971104,0.8893188854489165,0.9969040247678018,0.0,0.0,0.0,0.0
AsyncSTM,gpt-5.3-codex,2,19,19,0,11,0,0,2,6,0.42105263157894723,0.8297213622291022,0.9602683178534571,0.9998809240295309,0.42105263157894723,0.8297213622291022,0.9602683178534571,0.9998809240295309,0.3157894736842106,0.7048503611971104,0.8893188854489165,0.9969040247678018
AsyncSTM,opus,1,20,20,0,8,0,0,12,0,0.6000000000000001,0.9508771929824561,0.9963880288957688,1.0,0.6000000000000001,0.9508771929824561,0.9963880288957688,1.0,0.0,0.0,0.0,0.0
AsyncSTM,opus,2,20,20,0,0,0,0,20,0,1.0,1.0,1.0,1.0,1.0,1.0,1.0,1.0,0.0,0.0,0.0,0.0
