app,llm_name,iteration,num_samples,total_samples,PARSE_FAIL,BUILD_FAIL,RUNTIME_FAIL,MISSING,VALIDATION_FAIL,PASS,build@1,build@3,build@5,build@10,run@1,run@3,run@5,run@10,pass@1,pass@3,pass@5,pass@10
AsyncSTM,gpt-5.3-codex,1,20,20,0,14,0,0,6,0,0.30000000000000004,0.6807017543859649,0.8708720330237358,0.9945820433436533,0.30000000000000004,0.6807017543859649,0.8708720330237358,0.9945820433436533,0.0,0.0,0.0,0.0
AsyncSTM,gpt-5.3-codex,2,20,20,0,10,1,0,3,6,0.4999999999999999,0.8947368421052632,0.9837461300309598,0.9999945874558878,0.44999999999999984,0.8552631578947368,0.9702012383900929,0.9999404620147654,0.30000000000000004,0.6807017543859649,0.8708720330237358,0.9945820433436533
AsyncSTM,opus,1,20,20,0,8,0,0,12,0,0.6000000000000001,0.9508771929824561,0.9963880288957688,1.0,0.6000000000000001,0.9508771929824561,0.9963880288957688,1.0,0.0,0.0,0.0,0.0
AsyncSTM,opus,2,20,20,0,0,0,0,20,0,1.0,1.0,1.0,1.0,1.0,1.0,1.0,1.0,0.0,0.0,0.0,0.0
