app,llm_name,iteration,n_outputs,total_input_tokens,total_output_tokens,total_generation_time_s,mean_input_tokens,mean_output_tokens
Barnes_Hut,gpt-5.3-codex,1,18,3733741,558514,7471.026,207430.05555555556,31028.555555555555
Barnes_Hut,gpt-5.3-codex,2,18,3862056,755960,10348.363,214558.66666666666,41997.77777777778
Barnes_Hut,opus,1,3,109887,227273,3733.8450000000003,36629.0,75757.66666666667
Barnes_Hut,opus,2,3,138629,273445,4559.923999999999,46209.666666666664,91148.33333333333
