app,llm_name,iteration,num_samples,total_samples,PARSE_FAIL,BUILD_FAIL,RUNTIME_FAIL,MISSING,VALIDATION_FAIL,PASS,build@1,build@3,build@5,build@10,run@1,run@3,run@5,run@10,pass@1,pass@3,pass@5,pass@10
heapify,gpt-5.3-codex,1,13,13,0,1,1,0,1,10,0.923076923076923,1.0,1.0,1.0,0.8461538461538461,1.0,1.0,1.0,0.7692307692307692,0.9965034965034965,1.0,1.0
heapify,gpt-5.3-codex,2,3,3,0,0,0,0,0,3,1.0,1.0,1.0,1.0,1.0,1.0,1.0,1.0,1.0,1.0,1.0,1.0
heapify,opus,1,10,10,0,5,0,0,0,5,0.5,0.9166666666666666,0.996031746031746,1.0,0.5,0.9166666666666666,0.996031746031746,1.0,0.5,0.9166666666666666,0.996031746031746,1.0
heapify,opus,2,5,5,0,1,0,0,0,4,0.8,1.0,1.0,1.0,0.8,1.0,1.0,1.0,0.8,1.0,1.0,1.0
