app,llm_name,iteration,num_samples,total_samples,PARSE_FAIL,BUILD_FAIL,RUNTIME_FAIL,MISSING,VALIDATION_FAIL,PASS,build@1,build@3,build@5,build@10,run@1,run@3,run@5,run@10,pass@1,pass@3,pass@5,pass@10
osc_chain_1d,gpt-5.3-codex,1,20,20,0,11,0,0,9,0,0.44999999999999984,0.8552631578947368,0.9702012383900929,0.9999404620147654,0.44999999999999984,0.8552631578947368,0.9702012383900929,0.9999404620147654,0.0,0.0,0.0,0.0
osc_chain_1d,gpt-5.3-codex,2,20,20,0,5,0,0,10,5,0.75,0.9912280701754386,0.9999355005159959,1.0,0.75,0.9912280701754386,0.9999355005159959,1.0,0.25,0.6008771929824561,0.8063080495356036,0.9837461300309598
osc_chain_1d,opus,1,20,20,0,9,0,0,9,2,0.5499999999999998,0.9263157894736842,0.9918730650154799,1.0,0.5499999999999998,0.9263157894736842,0.9918730650154799,1.0,0.09999999999999998,0.2842105263157896,0.4473684210526315,0.763157894736842
osc_chain_1d,opus,2,20,20,0,0,0,0,13,7,1.0,1.0,1.0,1.0,1.0,1.0,1.0,1.0,0.3500000000000001,0.749122807017544,0.9169891640866873,0.9984520123839009
