app,llm_name,iteration,num_samples,total_samples,PARSE_FAIL,BUILD_FAIL,RUNTIME_FAIL,MISSING,VALIDATION_FAIL,PASS,build@1,build@3,build@5,build@10,run@1,run@3,run@5,run@10,pass@1,pass@3,pass@5,pass@10
osc_chain_1d,gpt-5.3-codex,1,19,19,0,10,0,0,9,0,0.4736842105263156,0.8761609907120743,0.978328173374613,0.9999891749117755,0.4736842105263156,0.8761609907120743,0.978328173374613,0.9999891749117755,0.0,0.0,0.0,0.0
osc_chain_1d,gpt-5.3-codex,2,19,19,0,11,0,0,3,5,0.42105263157894723,0.8297213622291022,0.9602683178534571,0.9998809240295309,0.42105263157894723,0.8297213622291022,0.9602683178534571,0.9998809240295309,0.26315789473684215,0.6243550051599587,0.8278293773649811,0.9891640866873065
osc_chain_1d,opus,1,19,19,0,9,0,0,8,2,0.5263157894736841,0.913312693498452,0.9891640866873065,1.0,0.5263157894736841,0.913312693498452,0.9891640866873065,1.0,0.10526315789473684,0.29824561403508776,0.4678362573099415,0.7894736842105263
osc_chain_1d,opus,2,17,17,0,0,0,0,12,5,1.0,1.0,1.0,1.0,1.0,1.0,1.0,1.0,0.2941176470588236,0.6764705882352942,0.8720103425985779,0.996606334841629
