app,llm_name,iteration,n_outputs,total_input_tokens,total_output_tokens,total_generation_time_s,mean_input_tokens,mean_output_tokens
osc_chain_1d,gpt-5.3-codex,1,19,189551,220869,3226.878,9976.368421052632,11624.684210526315
osc_chain_1d,gpt-5.3-codex,2,19,361519,485432,7438.152,19027.315789473683,25549.052631578947
osc_chain_1d,opus,1,19,312826,704413,10961.905,16464.526315789473,37074.36842105263
osc_chain_1d,opus,2,17,576315,1298439,20518.583,33900.882352941175,76378.76470588235
